Handle,Title,Body (HTML),Vendor,Product Category,Type,Tags,Published,Option1 Name,Option1 Value,Option2 Name,Option2 Value,Option3 Name,Option3 Value,Variant SKU,Variant Grams,Variant Inventory Qty,Variant Price,Variant Compare At Price,Variant Barcode,Image Src,Image Position,Variant Image,SEO Title,SEO Description,Status,Diamond Type (product.metafields.custom.diamond_type),Diamond Shape (product.metafields.custom.diamond_shape),Diamond Carat (product.metafields.custom.diamond_carat),Diamond Clarity (product.metafields.custom.diamond_clarity)
aurora-solitaire-ring,Aurora Solitaire Ring,"<p>A timeless <strong>solitaire ring</strong> crafted with a lab grown diamond centre stone. Designed for everyday elegance.</p>",Lukson,Apparel & Accessories > Jewelry > Rings,Ring,"solitaire, engagement, lab grown diamond",TRUE,Metal Purity,14K,Ring Size,6,,,LKS-AUR-14K-6,2.8,5,24999,29999,8901234567891,https://cdn.shopify.com/s/files/1/lukson/aurora-1.jpg,1,https://cdn.shopify.com/s/files/1/lukson/aurora-1.jpg,Aurora Solitaire Ring,Elegant lab grown diamond solitaire ring in hallmarked gold.,active,Lab Grown Diamond,Round,0.50,VS1
aurora-solitaire-ring,,,,,,,,Metal Purity,14K,Ring Size,7,,,LKS-AUR-14K-7,2.9,4,24999,29999,8901234567892,https://cdn.shopify.com/s/files/1/lukson/aurora-2.jpg,2,,,,,,,,
aurora-solitaire-ring,,,,,,,,Metal Purity,18K,Ring Size,6,,,LKS-AUR-18K-6,3.1,3,32999,37999,8901234567893,https://cdn.shopify.com/s/files/1/lukson/aurora-3.jpg,3,,,,,,,,
aurora-solitaire-ring,,,,,,,,Metal Purity,18K,Ring Size,7,,,LKS-AUR-18K-7,3.2,2,32999,37999,8901234567894,,,,,,,,,,
luna-stud-earrings,Luna Stud Earrings,"<p>Classic four-prong studs featuring brilliant round lab grown diamonds.</p>",Lukson,Apparel & Accessories > Jewelry > Earrings,Earrings,"studs, everyday, gifting",TRUE,Title,Default Title,,,,,LKS-LUN-14K,1.6,10,18999,21999,8901234567895,https://cdn.shopify.com/s/files/1/lukson/luna-1.jpg,1,,Luna Diamond Studs,Brilliant round lab grown diamond stud earrings in 14K gold.,active,Lab Grown Diamond,Round,0.25,VS2
celeste-pendant,Celeste Halo Pendant,"<p>A radiant halo pendant with an 18 inch chain, set in hallmarked gold.</p>",Lukson,Apparel & Accessories > Jewelry > Necklaces,Pendant,"halo, pendant, necklace, gifting",TRUE,Metal Purity,9K,,,,,LKS-CEL-9K,2.1,6,15999,,8901234567896,https://cdn.shopify.com/s/files/1/lukson/celeste-1.jpg,1,,,Radiant halo pendant with lab grown diamonds.,active,Lab Grown Diamond,Round,0.33,SI1
celeste-pendant,,,,,,,,Metal Purity,14K,,,,,LKS-CEL-14K,2.4,6,21999,,8901234567897,https://cdn.shopify.com/s/files/1/lukson/celeste-2.jpg,2,,,,,,,,
celeste-pendant,,,,,,,,,,,,,,,,,,,,https://cdn.shopify.com/s/files/1/lukson/celeste-3.jpg,3,,,,,,,,
nova-bangle,Nova Diamond Bangle,"<p>A sleek 18K bangle with channel-set lab grown diamonds.</p>",Lukson,Apparel & Accessories > Jewelry > Bracelets,Bangle,"bangle, bracelet, festive",TRUE,Title,Default Title,,,,,,3.9,2,,,,,,,,Sleek 18K diamond bangle.,active,Lab Grown Diamond,Princess,0.75,VVS2
